3.10.jpg,3.7.jpg,3.9.jpg,3.8.jpg,3.3.jpg,3.2.jpg,3.4.jpg,3.5.jpg,3.6.jpg
22.650848,21.29683,20.860332,25.633284,24.504553,20.679312,28.93952,22.883375,22.605394
147.35625,131.26585,117.225365,137.5037,145.4387,133.85672,138.1907,127.21837,129.45157
