1.10.jpg,1.9.jpg,1.8.jpg,1.11.jpg,1.4.jpg,1.5.jpg,1.7.jpg,1.3.jpg,1.2.jpg
25.746483,23.904879,22.407408,23.99555,22.841433,23.002102,23.12222,24.381443,26.554428
130.66197,134.22733,121.96981,137.45421,139.49507,142.20192,117.31299,148.39354,150.19376
